{
    "simulation": {
        "year": [
            1921,
            1931,
            1941,
            1951,
            1961,
            1971,
            1981,
            1991,
            2001,
            2011,
            2021
        ],
        "diff_temperature": [
            0.057,
            0.061,
            0.073,
            0.102,
            0.148,
            0.206,
            0.331,
            0.572,
            0.820,
            1.085,
            1.422
        ]
},
    "reference": {
        "year": [
            1922,
            1923,
            1924,
            1925,
            1926,
            1927,
            1928,
            1929,
            1930,
            1931,
            1932,
            1933,
            1934,
            1935,
            1936,
            1937,
            1938,
            1939,
            1940,
            1941,
            1942,
            1943,
            1944,
            1945,
            1946,
            1947,
            1948,
            1949,
            1950,
            1951,
            1952,
            1953,
            1954,
            1955,
            1956,
            1957,
            1958,
            1959,
            1960,
            1961,
            1962,
            1963,
            1964,
            1965,
            1966,
            1967,
            1968,
            1969,
            1970,
            1971,
            1972,
            1973,
            1974,
            1975,
            1976,
            1977,
            1978,
            1979,
            1980,
            1981,
            1982,
            1983,
            1984,
            1985,
            1986,
            1987,
            1988,
            1989,
            1990,
            1991,
            1992,
            1993,
            1994,
            1995,
            1996,
            1997,
            1998,
            1999,
            2000,
            2001,
            2002,
            2003,
            2004,
            2005,
            2006,
            2007,
            2008,
            2009,
            2010,
            2011,
            2012,
            2013,
            2014,
            2015,
            2016,
            2017,
            2018,
            2019,
            2020,
            2021
        ],
        "diff_temperature":[
            0.025438547,
            0.046736117,
            0.052604467,
            0.082241417,
            0.241831197,
            0.135261587,
            0.157905117,
            -0.028089973,
            0.187861267,
            0.261268987,
            0.219205007,
            0.042322247,
            0.190329817,
            0.158607447,
            0.195145737,
            0.345467737,
            0.352465935,
            0.3238695,
            0.440602507,
            0.402796004,
            0.366072758,
            0.371080741,
            0.508771807,
            0.407755032,
            0.245853867,
            0.273461122,
            0.240005397,
            0.220864427,
            0.138044877,
            0.303512697,
            0.380021232,
            0.442297407,
            0.247916457,
            0.167356737,
            0.101501067,
            0.329331741,
            0.347034114,
            0.316661842,
            0.249179643,
            0.344669279,
            0.300612227,
            0.327860777,
            0.058799917,
            0.160278767,
            0.215782087,
            0.247150357,
            0.196034367,
            0.333299954,
            0.279560097,
            0.158733927,
            0.270839567,
            0.414600027,
            0.192129327,
            0.253912427,
            0.148805007,
            0.467755187,
            0.369922439,
            0.455524797,
            0.560738737,
            0.614678707,
            0.398929995,
            0.588505277,
            0.412671377,
            0.414396447,
            0.460353637,
            0.607693067,
            0.646818397,
            0.543916937,
            0.725229137,
            0.703563207,
            0.489563462,
            0.530325127,
            0.598216437,
            0.741532827,
            0.641356067,
            0.786975167,
            0.941983127,
            0.689151637,
            0.695751467,
            0.853947007,
            0.908133167,
            0.908836867,
            0.832037387,
            0.971529217,
            0.937219367,
            0.956367967,
            0.830316507,
            0.961448367,
            1.045038127,
            0.902364397,
            0.942273767,
            0.988242067,
            1.037538317,
            1.189781037,
            1.297593797,
            1.209840917,
            1.127320667,
            1.255739267,
            1.287460467,
            1.255739267
        ]
    }
}